{
  "timestamp": "20260705_191624",
  "n_boot": 200,
  "seed": 67,
  "block": 16,
  "folds": [
    {
      "g0": 0.1,
      "pred_file": "predictions\\pred_g0_0.1_20260704_220118.npz",
      "point": {
        "R2": 0.9775055927417733,
        "RMSE": 0.4714188596582411,
        "bias": -0.16148009482914827,
        "mass_ratio": 1.009529406829821,
        "R2_mol": 0.978549005559388,
        "frac_01": 0.596315860748291
      },
      "ci_cell": {
        "R2": [
          0.9773794907212492,
          0.9776302337856865
        ],
        "RMSE": [
          0.47025313992913975,
          0.4726574477308794
        ],
        "bias": [
          -0.16211502424697044,
          -0.16099413662443804
        ],
        "mass_ratio": [
          1.002271050242273,
          1.016070500683336
        ],
        "R2_mol": [
          0.9782815949725122,
          0.9787546555326584
        ],
        "frac_01": [
          0.5957305550575256,
          0.5969850420951843
        ]
      },
      "ci_block": {
        "R2": [
          0.9754958482113357,
          0.9795886465186178
        ],
        "RMSE": [
          0.45309544926991724,
          0.48744376316925747
        ],
        "bias": [
          -0.17330230919529033,
          -0.1502621079382221
        ],
        "mass_ratio": [
          0.9900054434273173,
          1.0305951766683084
        ],
        "R2_mol": [
          0.9765291525683819,
          0.9799563055440296
        ],
        "frac_01": [
          0.5737544417381286,
          0.6171201944351197
        ]
      }
    },
    {
      "g0": 0.2,
      "pred_file": "predictions\\pred_g0_0.2_20260704_221925.npz",
      "point": {
        "R2": 0.9884352772453752,
        "RMSE": 0.37164411591200996,
        "bias": 0.045619543786567275,
        "mass_ratio": 0.9854613067195838,
        "R2_mol": 0.991775906278566,
        "frac_01": 0.6865224838256836
      },
      "ci_cell": {
        "R2": [
          0.9883648228675758,
          0.9885031835170772
        ],
        "RMSE": [
          0.3705609824933937,
          0.37269403526070183
        ],
        "bias": [
          0.045121755996197166,
          0.0460987955114992
        ],
        "mass_ratio": [
          0.9548535824145187,
          1.0148595929720012
        ],
        "R2_mol": [
          0.991655005585627,
          0.9918776525448061
        ],
        "frac_01": [
          0.6859306216239929,
          0.6871680855751038
        ]
      },
      "ci_block": {
        "R2": [
          0.9875086146551676,
          0.9892705199526014
        ],
        "RMSE": [
          0.359054163395442,
          0.38419368112571184
        ],
        "bias": [
          0.037767598465466214,
          0.05348385321257807
        ],
        "mass_ratio": [
          0.9324284054916717,
          1.0332659439954863
        ],
        "R2_mol": [
          0.9911562349158166,
          0.9923410525970523
        ],
        "frac_01": [
          0.6723023772239685,
          0.6996093034744263
        ]
      }
    },
    {
      "g0": 0.4,
      "pred_file": "predictions\\pred_g0_0.4_20260704_223722.npz",
      "point": {
        "R2": 0.9899755709700482,
        "RMSE": 0.3238978938018789,
        "bias": 0.050804526401714276,
        "mass_ratio": 1.0240198490836359,
        "R2_mol": 0.9911645127786235,
        "frac_01": 0.6915373802185059
      },
      "ci_cell": {
        "R2": [
          0.9899023581652044,
          0.9900423298367138
        ],
        "RMSE": [
          0.3229386640829078,
          0.32505581701192915
        ],
        "bias": [
          0.05038364042581929,
          0.05121435621193061
        ],
        "mass_ratio": [
          1.021130655645282,
          1.0269013295302305
        ],
        "R2_mol": [
          0.9909861371228954,
          0.9913310557775936
        ],
        "frac_01": [
          0.6908326625823975,
          0.6921228766441345
        ]
      },
      "ci_block": {
        "R2": [
          0.9892999689606563,
          0.9907025350307921
        ],
        "RMSE": [
          0.3117450622438209,
          0.3352014251318376
        ],
        "bias": [
          0.04625771692580264,
          0.055730221684556824
        ],
        "mass_ratio": [
          1.012023363876651,
          1.0367550979813223
        ],
        "R2_mol": [
          0.9904913356575685,
          0.9917444272392221
        ],
        "frac_01": [
          0.6794487357139587,
          0.7027947306632996
        ]
      }
    },
    {
      "g0": 0.8,
      "pred_file": "predictions\\pred_g0_0.8_20260704_225425.npz",
      "point": {
        "R2": 0.9866302602591717,
        "RMSE": 0.303446877715079,
        "bias": 0.15770362132167365,
        "mass_ratio": 1.0618425302005072,
        "R2_mol": 0.9910295733369665,
        "frac_01": 0.38172006607055664
      },
      "ci_cell": {
        "R2": [
          0.9865489771305752,
          0.9866994941539408
        ],
        "RMSE": [
          0.3028818844676642,
          0.30418816174543944
        ],
        "bias": [
          0.15734785695943626,
          0.15806435295143864
        ],
        "mass_ratio": [
          1.056378754712662,
          1.0668675877019727
        ],
        "R2_mol": [
          0.9908749959385966,
          0.9911829611932258
        ],
        "frac_01": [
          0.381028425693512,
          0.38238427639007566
        ]
      },
      "ci_block": {
        "R2": [
          0.9854570832961413,
          0.987794897209021
        ],
        "RMSE": [
          0.295486165862125,
          0.31045292038599714
        ],
        "bias": [
          0.14811205276521222,
          0.1667126028033394
        ],
        "mass_ratio": [
          1.0448247984723584,
          1.0772743124586082
        ],
        "R2_mol": [
          0.990435906138943,
          0.9915881014388959
        ],
        "frac_01": [
          0.3601484179496765,
          0.4056140661239624
        ]
      }
    },
    {
      "g0": 1.6,
      "pred_file": "predictions\\pred_g0_1.6_20260704_231317.npz",
      "point": {
        "R2": 0.9945055972582517,
        "RMSE": 0.14660603818537435,
        "bias": 0.04679039645719987,
        "mass_ratio": 1.0897935674277617,
        "R2_mol": 0.9919857165914875,
        "frac_01": 0.7986083030700684
      },
      "ci_cell": {
        "R2": [
          0.9944477812133458,
          0.9945569921850634
        ],
        "RMSE": [
          0.1459980212732652,
          0.1472998181424894
        ],
        "bias": [
          0.04660455809581794,
          0.04694930001083931
        ],
        "mass_ratio": [
          1.0773027962695902,
          1.1022650885761898
        ],
        "R2_mol": [
          0.9917592452646806,
          0.9922381618700886
        ],
        "frac_01": [
          0.7980760931968689,
          0.7991632342338562
        ]
      },
      "ci_block": {
        "R2": [
          0.9940770546571205,
          0.9948633209456815
        ],
        "RMSE": [
          0.13967036444813596,
          0.1531687432373237
        ],
        "bias": [
          0.044317730741784724,
          0.04934503550801948
        ],
        "mass_ratio": [
          1.0484126482273297,
          1.139147921224762
        ],
        "R2_mol": [
          0.9911233325105565,
          0.9925804150102725
        ],
        "frac_01": [
          0.7850919127464294,
          0.8102692246437073
        ]
      }
    },
    {
      "g0": 3.2,
      "pred_file": "predictions\\pred_g0_3.2_20260704_233212.npz",
      "point": {
        "R2": 0.9962118960613888,
        "RMSE": 0.08884128183888379,
        "bias": -0.03542036532958623,
        "mass_ratio": 1.0036923456963172,
        "R2_mol": 0.9926463649855741,
        "frac_01": 0.9574570655822754
      },
      "ci_cell": {
        "R2": [
          0.9961482925877444,
          0.9962646503345786
        ],